,MSE,RMSE,MAPE,RAE,MAE,R2
0,0.0017367650182230556,0.041674512813265806,0.14123011819502665,0.16364442597137083,0.02282301012464073,0.8335651338478882
