,MSE,RMSE,MAPE,RAE,MAE,R2
0,0.00737607458971437,0.08588407646190514,0.45645318677574703,0.4355371948478234,0.06074310046715875,0.10187969561565613
