,MSE,RMSE,MAPE,RAE,MAE,R2
0,0.0018751594538110761,0.04330311136409341,0.12798454023662822,0.1594217835810638,0.022234090523776527,0.8306893863290358
