,MSE,RMSE,MAPE,RAE,MAE,R2
0,0.002058998661019859,0.0453761904639411,0.15026686898172434,0.186770477374711,0.026048332968290386,0.7998156413905042
