,MSE,RMSE,MAPE,RAE,MAE,R2
0,0.0020113074625422163,0.04484760263985374,0.1794404233269991,0.19082676118450692,0.026614051023823675,0.8009556311183558
