,MSE,RMSE,MAPE,RAE,MAE,R2
0,0.0018781918425682601,0.043338110740643275,0.1367291897992541,0.16571504316463928,0.02311179305681643,0.8320127687542123
