,MSE,RMSE,MAPE,RAE,MAE,R2
0,0.001770189628026529,0.04207362152259452,0.13399591955096427,0.160894190758106,0.022439442852215174,0.835195933846154
