,MSE,RMSE,MAPE,RAE,MAE,R2
0,0.0017681904345487446,0.04204985653422309,0.16882054317694997,0.17785556216354909,0.024804995782089733,0.8236247192536559
