,MSE,RMSE,MAPE,RAE,MAE,R2
0,0.0019571976971062203,0.04424022713669337,0.13567997726469225,0.1651383518959343,0.02303136360994515,0.8249863542025392
