,MSE,RMSE,MAPE,RAE,MAE,R2
0,0.0377203095781381,0.19421717117221665,1.0434487978850362,1.129432561551353,0.15751866056161964,-4.709575710667606
