,MSE,RMSE,MAPE,RAE,MAE,R2
0,0.0019116373917896815,0.043722275693171345,0.1419668853523749,0.16782306824329934,0.023405793157508344,0.8262260951634842
