,MSE,RMSE,MAPE,RAE,MAE,R2
0,0.0018162230430977364,0.04261716840778768,0.13664468080941272,0.16434825202389083,0.0229211706884809,0.8317547479364968
