,MSE,RMSE,MAPE,RAE,MAE,R2
0,0.0019127774365028227,0.04373531109415849,0.15982489681046222,0.18479308652707002,0.025772552042247866,0.8008204182347864
