,MSE,RMSE,MAPE,RAE,MAE,R2
0,0.007871361309654282,0.0887206926801988,0.5356726371508003,0.46929852370478353,0.06545169439420476,-0.1260817709963314
